question,predict,answer
What is (are) Glaucoma ?," Glaucoma is a group of eye diseases that damage the optic nerve, which is responsible for sending visual information from the eye to the brain. It is characterized by increased pressure within the eye, which can lead to a loss of vision if left untreated.

There are several different types of glaucoma, but the most common are:

- **Open-angle glaucoma**: This is the most common type of glaucoma and occurs when the drainage channels in the eye become blocked, leading to increased pressure within the eye.

- **Closed-angle glaucoma**: This type of glaucoma occurs when the iris (the colored part of the eye) blocks the drainage channels, also leading to increased pressure within the eye.

- **Normal-tension glaucoma**: This type of glaucoma occurs when the pressure within the eye is within the normal range, but damage to the optic nerve still occurs.

Glaucoma is often asymptomatic in the early stages, and vision loss can be gradual and peripheral, meaning it may not be noticeable at first. However, as the disease progresses, it can lead to significant vision loss and even blindness.

Risk factors for glaucoma include age, family history of glaucoma, certain medical conditions (such as diabetes or high blood pressure), and ethnicity (African Americans and Hispanics are at higher risk).

Treatment for glaucoma typically involves lowering the pressure within the eye through medications, laser surgery, or traditional surgery. Early detection and treatment are essential to prevent vision loss.","Glaucoma is a group of diseases that can damage the eye's optic nerve and result in vision loss and blindness. While glaucoma can strike anyone, the risk is much greater for people over 60. How Glaucoma Develops  There are several different types of glaucoma. Most of these involve the drainage system within the eye. At the front of the eye there is a small space called the anterior chamber. A clear fluid flows through this chamber and bathes and nourishes the nearby tissues. (Watch the video to learn more about glaucoma. To enlarge the video, click the brackets in the lower right-hand corner. To reduce the video, press the Escape (Esc) button on your keyboard.) In glaucoma, for still unknown reasons, the fluid drains too slowly out of the eye. As the fluid builds up, the pressure inside the eye rises. Unless this pressure is controlled, it may cause damage to the optic nerve and other parts of the eye and result in loss of vision. Open-angle Glaucoma The most common type of glaucoma is called open-angle glaucoma. In the normal eye, the clear fluid leaves the anterior chamber at the open angle where the cornea and iris meet. When fluid reaches the angle, it flows through a spongy meshwork, like a drain, and leaves the eye. Sometimes, when the fluid reaches the angle, it passes too slowly through the meshwork drain, causing the pressure inside the eye to build. If the pressure damages the optic nerve, open-angle glaucoma -- and vision loss -- may result. There is no cure for glaucoma. Vision lost from the disease cannot be restored. However, there are treatments that may save remaining vision. That is why early diagnosis is important.  See this graphic for a quick overview of glaucoma,  including how many people it affects, whos at risk, what to do if you have it, and how to learn more.  See a glossary of glaucoma terms."
What causes Glaucoma ?," Glaucoma is a group of eye diseases that damage the optic nerve, which is responsible for sending visual information from the eye to the brain. The most common type of glaucoma is open-angle glaucoma, which is caused by a buildup of fluid in the eye that increases pressure on the optic nerve. This can occur when the fluid does not drain properly from the eye, either because the drainage channels are blocked or because the eye produces too much fluid.

Other types of glaucoma include:

* **Angle-closure glaucoma**, which occurs when the iris blocks the drainage channels in the eye
* **Congenital glaucoma**, which is present at birth
* **Secondary glaucoma**, which is caused by another eye condition or disease, such as diabetes or uveitis

Risk factors for glaucoma include:

* **Age:** Glaucoma is more common in people over the age of 60.
* **Race:** African Americans and Hispanics are at higher risk for glaucoma than Caucasians.
* **Family history:** People with a family history of glaucoma are at higher risk for developing the disease.
* **Medical conditions:** Certain medical conditions, such as diabetes, heart disease, and high blood pressure, can increase the risk of glaucoma.
* **Eye injuries:** Eye injuries can damage the optic nerve and increase the risk of glaucoma.

Glaucoma can be treated with eye drops, laser surgery, or traditional surgery. The goal of treatment is to lower eye pressure and prevent further damage to the optic nerve.","Nearly 2.7 million people have glaucoma, a leading cause of blindness in the United States. Although anyone can get glaucoma, some people are at higher risk. They include - African-Americans over age 40  - everyone over age 60, especially Hispanics/Latinos  - people with a family history of glaucoma. African-Americans over age 40 everyone over age 60, especially Hispanics/Latinos people with a family history of glaucoma.  In addition to age, eye pressure is a risk factor. Whether you develop glaucoma depends on the level of pressure your optic nerve can tolerate without being damaged. This level is different for each person. Thats why a comprehensive dilated eye exam is very important. It can help your eye care professional determine what level of eye pressure is normal for you. Another risk factor for optic nerve damage relates to blood pressure. Thus, it is important to also make sure that your blood pressure is at a proper level for your body by working with your medical doctor. (Watch the animated video to learn more about the causes of glaucoma. To enlarge the video, click the brackets in the lower right-hand corner. To reduce the video, press the Escape (Esc) button on your keyboard.)"
What are the symptoms of Glaucoma ?," **Early-stage glaucoma** often has no noticeable symptoms.

**As the disease progresses, you may experience:**

- Patchy blind spots in your peripheral (side) vision, usually in both eyes
- Loss of central vision
-Blurred vision, especially at night
-Pain in your eyes
-Headaches
-Seeing halos around lights
-Sudden loss of vision (rare)

Glaucoma is usually a chronic, or long-term, condition. The damage to your optic nerve and vision loss are usually permanent. Early diagnosis and treatment can help slow or stop the progression of this disease.","Symptoms of Glaucoma  Glaucoma can develop in one or both eyes. The most common type of glaucoma, open-angle glaucoma, has no symptoms at first. It causes no pain, and vision seems normal. Without treatment, people with glaucoma will slowly lose their peripheral, or side vision. They seem to be looking through a tunnel. Over time, straight-ahead vision may decrease until no vision remains. Tests for Glaucoma Glaucoma is detected through a comprehensive eye exam that includes a visual acuity test, visual field test, dilated eye exam, tonometry, and pachymetry. (Watch the animated video to learn more about testing for glaucoma. To enlarge the video, click the brackets in the lower right-hand corner. To reduce the video, press the Escape (Esc) button on your keyboard.)  A visual acuity test uses an eye chart test to measure how well you see at various distances. A visual field test measures your side or peripheral vision. It helps your eye care professional tell if you have lost side vision, a sign of glaucoma. In a dilated eye exam, drops are placed in your eyes to widen, or dilate, the pupils. Your eye care professional uses a special magnifying lens to examine your retina and optic nerve for signs of damage and other eye problems. After the exam, your close-up vision may remain blurred for several hours. In tonometry, an instrument measures the pressure inside the eye. Numbing drops may be applied to your eye for this test. With pachymetry,  a numbing drop is applied to your eye. Your eye care professional uses an ultrasonic wave instrument to measure the thickness of your cornea."
What are the treatments for Glaucoma ?," There are several treatment options for glaucoma, depending on the type and severity of the condition. The goal of treatment is to lower intraocular pressure (IOP) to prevent further damage to the optic nerve. Here are some common treatments for glaucoma:

**1. Eye Drops:**
   - Glaucoma eye drops are the most common treatment option. They work by reducing the production of aqueous humor or increasing its outflow from the eye.
   - Some commonly used eye drops for glaucoma include prostaglandins, beta-blockers, alpha-agonists, and carbonic anhydrase inhibitors.

**2. Laser Therapy:**
   - Laser trabeculoplasty (SLT) is a non-invasive procedure that uses a laser to create tiny holes in the trabecular meshwork, improving the outflow of aqueous humor.
   - Selective laser trabeculoplasty (SLT) is a newer laser treatment that is less likely to cause side effects compared to traditional laser trabeculoplasty.

**3. Minimally Invasive Glaucoma Surgery (MIGS):**
   - MIGS procedures are minimally invasive surgical techniques that can be used in combination with cataract surgery or as standalone procedures.
   - MIGS devices are implanted into the eye to improve the flow of aqueous humor.
   - Examples of MIGS include iStent, Glaukos Trabectome, and Ellex Kahook Dual Blade.

**4. Traditional Glaucoma Surgery:**
   - Traditional glaucoma surgery, also known as trabeculectomy, is a more invasive surgical procedure that creates a new pathway for aqueous humor to drain from the eye.
   - A small hole is made in the sclera (the white part of the eye), and a filtering bleb is created to collect and drain the aqueous humor.

**5. Drainage Implants:**
   - In cases of severe glaucoma or if other treatments fail, drainage implants may be necessary.
   - These implants are surgically inserted into the eye to create a new drainage pathway for the aqueous humor.

**6. Cyclodestructive Procedures:**
   - Cyclodestructive procedures are used in advanced glaucoma when other treatments have not been successful.
   - These procedures aim to reduce the production of aqueous humor by destroying part of the ciliary body, which produces the fluid.

**7. Medication:**
   - Oral medications, such as carbonic anhydrase inhibitors, can be prescribed to reduce the production of aqueous humor and lower IOP.
   - These medications may be used in combination with eye drops or other treatments.

The choice of treatment for glaucoma depends on factors such as the type of glaucoma, the severity of the condition, the individual's overall health, and the patient's preferences. Regular eye examinations and monitoring of IOP are essential to manage glaucoma effectively and prevent further damage to the optic nerve.","Although open-angle glaucoma cannot be cured, it can usually be controlled. While treatments may save remaining vision, they do not improve sight already lost from glaucoma. The most common treatments for glaucoma are medication and surgery. Medications  Medications for glaucoma may be either in the form of eye drops or pills. Some drugs reduce pressure by slowing the flow of fluid into the eye. Others help to improve fluid drainage. (Watch the video to learn more about coping with glaucoma. To enlarge the video, click the brackets in the lower right-hand corner. To reduce the video, press the Escape (Esc) button on your keyboard.) For most people with glaucoma, regular use of medications will control the increased fluid pressure. But, these drugs may stop working over time. Or, they may cause side effects. If a problem occurs, the eye care professional may select other drugs, change the dose, or suggest other ways to deal with the problem.  Read or listen to ways some patients are coping with glaucoma. Surgery Laser surgery is another treatment for glaucoma. During laser surgery, a strong beam of light is focused on the part of the anterior chamber where the fluid leaves the eye. This results in a series of small changes that makes it easier for fluid to exit the eye. Over time, the effect of laser surgery may wear off. Patients who have this form of surgery may need to keep taking glaucoma drugs. Researching Causes and Treatments Through studies in the laboratory and with patients, NEI is seeking better ways to detect, treat, and prevent vision loss in people with glaucoma. For example, researchers have discovered genes that could help explain how glaucoma damages the eye. NEI also is supporting studies to learn more about who is likely to get glaucoma, when to treat people who have increased eye pressure, and which treatment to use first."
What is (are) Glaucoma ?," Glaucoma refers to a group of eye diseases that damage the optic nerve, which is responsible for sending visual information from the eye to the brain. The most common type of glaucoma is open-angle glaucoma, which is characterized by a gradual loss of peripheral vision and is often associated with increased pressure inside the eye. Other types of glaucoma include angle-closure glaucoma, normal-tension glaucoma, and congenital glaucoma. Glaucoma is generally considered a chronic, progressive condition and is one of the leading causes of irreversible vision loss worldwide. Early detection and proper management are crucial in slowing the progression of the disease and preserving vision.","Glaucoma is a group of diseases that can damage the eye's optic nerve and result in vision loss and blindness. The most common form of the disease is open-angle glaucoma. With early treatment, you can often protect your eyes against serious vision loss. (Watch the video to learn more about glaucoma. To enlarge the video, click the brackets in the lower right-hand corner. To reduce the video, press the Escape (Esc) button on your keyboard.)  See this graphic for a quick overview of glaucoma, including how many people it affects, whos at risk, what to do if you have it, and how to learn more.  See a glossary of glaucoma terms."
What is (are) Glaucoma ?," Glaucoma is a group of eye conditions that damage the optic nerve, which is responsible for sending visual information from the eye to the brain. It is usually caused by increased pressure inside the eye, known as intraocular pressure (IOP). However, some people may have glaucoma with normal IOP.

The most common form of glaucoma is open-angle glaucoma, which develops slowly and often has no noticeable symptoms in the early stages. However, as the condition progresses, it can cause peripheral (side) vision loss, blind spots, and eventually central vision loss.

Another type of glaucoma is angle-closure glaucoma, which occurs when the drainage angle of the eye (where fluid leaves the eye) becomes blocked, leading to a sudden increase in IOP and symptoms such as severe eye pain, blurred vision, halos around lights, and nausea. This type of glaucoma is considered a medical emergency and requires immediate treatment.

Other less common types of glaucoma include congenital glaucoma, which is present from birth, and secondary glaucoma, which occurs as a result of another eye condition or disease.

Glaucoma is a serious condition that can lead to permanent vision loss if left untreated. It is important to have regular eye exams to check for glaucoma, especially for those at higher risk, such as people over the age of 60, those with a family history of glaucoma, and people with certain medical conditions like diabetes and high blood pressure.",The optic nerve is a bundle of more than 1 million nerve fibers. It connects the retina to the brain.
What is (are) Glaucoma ?," Glaucoma is a group of eye diseases that damage the optic nerve, which is responsible for sending visual information from the eye to the brain. It is characterized by increased pressure within the eye, which can lead to a loss of vision if left untreated.

There are several different types of glaucoma, but the most common are:

- **Open-angle glaucoma**: This is the most common type of glaucoma and occurs when the drainage channels in the eye become blocked, leading to increased pressure within the eye.

- **Closed-angle glaucoma**: This type of glaucoma occurs when the iris (the colored part of the eye) blocks the drainage channels, also leading to increased pressure within the eye.

- **Normal-tension glaucoma**: This type of glaucoma occurs when the pressure within the eye is within the normal range, but damage to the optic nerve still occurs.

Glaucoma is often asymptomatic in the early stages, and vision loss can be gradual and peripheral, meaning it may not be noticeable at first. However, as the disease progresses, it can lead to significant vision loss and even blindness.

Risk factors for glaucoma include age, family history of glaucoma, certain medical conditions (such as diabetes or high blood pressure), and ethnicity (African Americans and Hispanics are at higher risk).

Treatment for glaucoma typically involves lowering the pressure within the eye through medications, laser surgery, or traditional surgery. Early detection and treatment are essential to prevent vision loss.","Open-angle glaucoma is the most common form of glaucoma. In the normal eye, the clear fluid leaves the anterior chamber at the open angle where the cornea and iris meet. When the fluid reaches the angle, it flows through a spongy meshwork, like a drain, and leaves the eye. Sometimes, when the fluid reaches the angle, it passes too slowly through the meshwork drain, causing the pressure inside the eye to build. If the pressure damages the optic nerve, open-angle glaucoma -- and vision loss -- may result."
Who is at risk for Glaucoma? ?," Glaucoma is a group of eye diseases that damage the optic nerve, which is responsible for sending visual information from the eye to the brain. The most common type of glaucoma is open-angle glaucoma, which is characterized by a gradual loss of peripheral (side) vision. Angle-closure glaucoma is a less common type of glaucoma that occurs when the drainage channels in the eye become blocked, causing a sudden increase in eye pressure.

Risk factors for glaucoma include:

* **Age:** The risk of glaucoma increases with age. People over the age of 60 are at higher risk for developing glaucoma.
* **Family history:** People with a family history of glaucoma are at higher risk for developing the disease.
* **Race:** African Americans and Hispanics are at higher risk for glaucoma than Caucasians.
* **Diabetes:** People with diabetes are at higher risk for developing glaucoma.
* **High blood pressure:** People with high blood pressure are at higher risk for developing glaucoma.
* **Corticosteroid use:** Long-term use of corticosteroid medications, such as prednisone, can increase the risk of glaucoma.
* **Eye injuries:** Eye injuries can damage the optic nerve and increase the risk of glaucoma.
* **Certain medical conditions:** Certain medical conditions, such as sleep apnea and thyroid disease, can increase the risk of glaucoma.

It's important to note that having one or more risk factors does not mean that you will definitely develop glaucoma. However, it's important to be aware of your risk factors and to talk to your doctor about regular eye exams and treatments to protect your vision.","Anyone can develop glaucoma. Some people are at higher risk than others. They include - African-Americans over age 40  - everyone over age 60, especially Hispanics/Latinos  - people with a family history of glaucoma. African-Americans over age 40 everyone over age 60, especially Hispanics/Latinos people with a family history of glaucoma.  See this graphic for a quick overview of glaucoma, including how many people it affects, whos at risk, what to do if you have it, and how to learn more."
How to prevent Glaucoma ?," While there is no surefire way to prevent glaucoma, there are several steps you can take to reduce your risk of developing the condition or slow its progression if you already have it:

**Regular eye exams:** Glaucoma is often asymptomatic in the early stages, so regular eye exams are crucial for early detection and treatment. Aim to have your eyes checked every 2-4 years if you're under 40, and every 1-2 years if you're over 40.

**Control eye pressure:** High eye pressure is the primary risk factor for glaucoma, so controlling it is essential. Your eye doctor may prescribe eye drops or medications to lower eye pressure.

**Healthy lifestyle:** Eating a balanced diet rich in fruits, vegetables, and whole grains can help maintain good overall health, which may also benefit your eye health. Regular exercise can also improve blood flow to the optic nerve, which is important for glaucoma prevention.

**Quit smoking:** Smoking increases the risk of developing glaucoma. Quitting smoking can help reduce your risk.

**Limit alcohol intake:** Excessive alcohol consumption has been associated with an increased risk of glaucoma. Drinking in moderation or avoiding alcohol altogether is recommended.

**Protect your eyes:** Wear protective eyewear when engaging in activities that could cause eye injury, such as sports or working with chemicals.

**Know your family history:** Glaucoma can be hereditary, so if you have a family history of the condition, talk to your eye doctor about increased monitoring and preventive measures.

**Manage underlying medical conditions:** Certain medical conditions, such as diabetes and high blood pressure, can increase the risk of glaucoma. Managing these conditions effectively can help reduce your risk.

Remember that early detection and treatment are key to managing glaucoma. If you have any concerns about your eye health, don't hesitate to talk to your eye doctor.","At this time, we do not know how to prevent glaucoma. However, studies have shown that the early detection and treatment of glaucoma, before it causes major vision loss, is the best way to control the disease. So, if you fall into one of the higher risk groups for the disease, make sure to have a comprehensive dilated eye exam at least once every one to two years.  Get tips on finding an eye care professional. Learn what a comprehensive dilated eye exam involves."
What are the symptoms of Glaucoma ?," **Open-angle glaucoma**

In the early to moderate stages of open-angle glaucoma, you may not notice any symptoms. As the disease progresses, you may experience:

* Patchy blind spots in your peripheral (side) vision
* Loss of central vision
* Blurred vision, especially in low light
* Difficulty seeing in bright lights
* Pain in your eyes
* Headaches
* Nausea and vomiting
* Halos around lights

**Acute angle-closure glaucoma**

This type of glaucoma is a medical emergency. Symptoms include:

* Sudden, severe pain in your eyes
* Headache
* Blurred vision
* Halos around lights
* Nausea and vomiting
* Eye redness

**If you experience any of these symptoms, see your doctor immediately.**","At first, open-angle glaucoma has no symptoms. It causes no pain. Vision seems normal. Without treatment, people with glaucoma will slowly lose their peripheral, or side vision. They seem to be looking through a tunnel. Over time, straight-ahead vision may decrease until no vision remains."
